{
  "project_info": {
    "project_number": "436315666326",
    "project_id": "law-app-69978",
    "storage_bucket": "law-app-69978.appspot.com"
  },
  "client": [
    {
      "client_info": {
        "mobilesdk_app_id": "1:436315666326:android:6fd186e870a0c6be318fb7",
        "android_client_info": {
          "package_name": "com.example.law_app"
        }
      },
      "oauth_client": [
        {
          "client_id": "436315666326-nm21qht1h993mtq6rrh7h2mtq13p2il7.apps.googleusercontent.com",
          "client_type": 3
        }
      ],
      "api_key": [
        {
          "current_key": "AIzaSyBYpH--r3iz9YUf6OIlDg7HIUilTRkDHNo"
        }
      ],
      "services": {
        "appinvite_service": {
          "other_platform_oauth_client": [
            {
              "client_id": "436315666326-nm21qht1h993mtq6rrh7h2mtq13p2il7.apps.googleusercontent.com",
              "client_type": 3
            }
          ]
        }
      }
    }
  ],
  "configuration_version": "1"
}